company,link_response,location,date,link_url,job_title
Fermat ,<200 http://www.indeed.com/cmp/Fermat-Software/jobs/Senior-Software-Tool-Engineer-8e727bbf231ad3c5>,"austin, tx",9 days ago,http://www.indeed.com/cmp/Fermat-Software/jobs/Senior-Software-Tool-Engineer-8e727bbf231ad3c5?r=1&fccid=554a2443bb428a42,senior software tools engineer (visual studio)
Integrated Design Group,<200 http://integrateddesigngroup.applytojob.com/apply/job_20160922191600_VNGSIRXY3RIOTC2B/Senior-Mechanical-Engineer?source=INDE>,"dallas, tx 75201 ",8 days ago,http://www.indeed.com/rc/clk?jk=e839e9bec67babd8&fccid=7a0e17e606b9f2e7,senior mechanical engineer
4DSP,<200 http://www.4dsp.com/job60.php>,"austin, tx 78746",2 days ago,http://www.indeed.com/rc/clk?jk=eaca83d387b86f72&fccid=0436bb7a9a505c76,analog design engineer
"Lockwood, Andrews & Newnam, Inc.",<200 https://careers-lan.icims.com/jobs/3290/engineer-v-vi/job?in_iframe=1>,"houston, tx 77042 ",23 days ago,http://www.indeed.com/rc/clk?jk=66a8aed9e98c37b7&fccid=ab1cd4ac92e8c134,facilities design engineer
JPMorgan Chase,<200 https://jpmchase.taleo.net/careersection/2/jobdetail.ftl?lang=en&job=2770987&src=JB-13027>,"houston, tx",30+ days ago,http://www.indeed.com/rc/clk?jk=8b25e5be1b72dbf7&fccid=c46d0116f6e69eae,electronic trading application developer lead
Apple,<200 https://jobs.apple.com/search?job=51989554&openJobId=51989554>,"austin, tx",1 day ago,http://www.indeed.com/rc/clk?jk=9a169d36c80a9f56&fccid=c1099851e9794854,data science engineer
NXP Semiconductors,<200 https://freescale.taleo.net/careersection/fsl_cs_glob/jobdetail.ftl?job=11794770&source=Indeed.com&sourceType=PREMIUM_POST_SITE>,"austin, tx",7 days ago,http://www.indeed.com/rc/clk?jk=3f4020a7402998e1&fccid=d113f5fdf3e1cb7b,fsl product/test engr ii
Crestron Electronics,<200 https://careers-crestron.icims.com/jobs/4575/software-engineer/job?in_iframe=1&sid=17>,"plano, tx",22 hours ago,http://www.indeed.com/rc/clk?jk=ac378c7ab43006cb&fccid=520758f2b98a9948,software engineer
Ingersoll Rand,<200 https://ircareers.taleo.net/careersection/2/jobdetail.ftl?job=1608558&src=indeed>,"tyler, tx 75703",14 days ago,http://www.indeed.com/rc/clk?jk=14ad635b5247f389&fccid=2e3453ae2db0c66d,software engineer
ActivTrak,<200 https://activtrak.workable.com/jobs/71771>,"dallas, tx",1 day ago,http://www.indeed.com/rc/clk?jk=f6c9b6b3bf73676d&fccid=50da6fa92df657ed,"front-end web developer (bootstrap, angularjs, mvc)"
BASF,<200 https://basf.taleo.net/careersection/2/jobdetail.ftl?job=382976&src=JB-10220>,"freeport, tx 77541",22 hours ago,http://www.indeed.com/rc/clk?jk=7e57ecda9ca013ae&fccid=f161bd11bb997f0a,mechanical maintenance engineer i
"NV5 Holdings, Inc.",<200 https://careers-nv5.icims.com/jobs/1284/senior-mechanical-engineering-project-manager/job?in_iframe=1&mode=job&iis=Indeed&iisn=Indeed.com>,"arlington, tx",17 days ago,http://www.indeed.com/rc/clk?jk=4e8ae96ca77d2f34&fccid=e1c8a28e464fa3b9,senior mechanical engineering project manager
BASF Corporation,<200 https://basf.jobs/north-america-pe/job/Freeport-Mechanical-Maintenance-Engineer-I-TX-77541/328081701/?feedId=111101&src=JB-10220>,"freeport, tx 77541",6 hours ago,http://www.indeed.com/rc/clk?jk=2b51c532fa15ae9d&fccid=f161bd11bb997f0a,mechanical maintenance engineer i
Aristocrat,<200 https://aristocrat.mua.hrdepartment.com/hr/ats/Posting/view/1163/0>,"austin, tx 78731",23 days ago,http://www.indeed.com/rc/clk?jk=e614580dd40ec284&fccid=23882099b3a9eb21,senior c++ developer
Honeywell,<200 https://honeywell.taleo.net/careersection/9/jobdetail.ftl?lang=en&job=2331659&src=JB-12349>,"richardson, tx 75081",11 days ago,http://www.indeed.com/rc/clk?jk=9766a3f458b07506&fccid=50208b5bf45ee3b8,semiconductor manufacturing engineer iii
Textron,<200 https://textron.taleo.net/careersection/textron/jobdetail.ftl?job=249223&lang=en&src=JB-10146>,"fort worth, tx 76118",15 days ago,http://www.indeed.com/rc/clk?jk=0513cdd291a0b04b&fccid=be0fe44f2a1c36c4,airframe design engineer
Verizon,<200 http://jobs.verizon.com/jobs/5904408-c-developer?tm_job=437592-1A&tm_event=view&tm_company=781&bid=0&bid=326&aasi=2&CID=pst>,"irving, tx 75038",10 days ago,http://www.indeed.com/rc/clk?jk=c5e1c054eae4e5f5&fccid=f7029f63fe5c906e,c++ developer
Stanley Black & Decker,<200 https://sjobs.brassring.com/TGWebHost/jobdetails.aspx?jobId=766423&PartnerId=165&SiteId=20&codes=IND>,"dallas, tx",21 days ago,http://www.indeed.com/rc/clk?jk=3478ee5c1bc3f044&fccid=d30328706976dba9,forging design engineer
PACCAR Inc.,<200 http://us1.i-grasp.com/fe/tpl_paccar01.asp?newms=jj&id=70415&aid=16118>,"denton, tx",13 days ago,http://www.indeed.com/rc/clk?jk=45520886ca187b68&fccid=c2c6a7536e4d9df3,mechanical engineer
